400,Amelia,Osborn,1972-05-09 09:21:22
401,Gemma,Finch,1989-09-25 23:00:59
402,Orli,Slater,1959-03-30 15:54:32
403,Donovan,Beasley,1986-06-18 14:50:30
404,Dacey,Leblanc,1980-05-22 06:13:23
405,Rebekah,Edwards,1961-12-24 14:30:02
406,George,Reeves,1965-12-14 18:49:46
407,Hadley,Landry,1978-12-13 14:29:28
408,Cameran,Acevedo,1957-10-18 19:29:52
409,Ignacia,Medina,1953-03-26 20:13:42
410,Alvin,Johnson,1988-07-24 23:41:50
411,Aurora,Lucas,1966-04-22 05:30:25
412,Gretchen,Norman,1968-12-04 18:40:11
413,Inga,Roy,1959-10-16 07:56:02
414,Aquila,Thomas,1986-02-18 21:28:08
415,Boris,Boyd,1959-01-27 00:42:43
416,Channing,Petersen,1953-01-09 20:16:43
417,Wyoming,Meadows,1960-11-29 13:32:53
418,Veronica,Perkins,1977-08-27 19:25:27
419,David,Davidson,1972-04-08 17:03:55
420,Lillian,Carpenter,1956-12-10 07:16:33
421,Danielle,Luna,1988-11-21 07:00:47
422,Mia,Douglas,1962-02-15 08:04:10
423,Micah,Galloway,1975-05-27 01:19:24
424,Tad,Reynolds,1987-09-10 23:35:17
425,Troy,David,1985-01-26 00:52:19
426,Ila,Ashley,1960-08-27 13:46:59
427,Kelly,Meadows,1965-01-02 10:04:16
428,Walter,Pugh,1980-12-09 20:58:19
429,Lucius,Battle,1983-04-12 20:04:01
430,Florence,Stark,1963-06-19 14:35:06
431,Priscilla,Gregory,1986-10-26 03:49:37
432,Joseph,Dickerson,1985-03-04 05:19:24
433,Kellie,Slater,1979-12-06 20:39:12
434,Hayden,Olson,1963-12-01 07:50:37
435,Xanthus,Raymond,1976-01-21 07:51:13
436,Shannon,Lynn,1967-06-17 18:12:35
437,Kato,Sosa,1987-10-21 10:51:05
438,Molly,Juarez,1959-11-29 09:38:01
439,Hermione,Buchanan,1953-11-20 00:21:29
440,Kevyn,Ellis,1983-08-21 10:46:02
441,Paloma,Riddle,1989-05-21 20:41:46
442,Tiger,Gallegos,1952-05-11 21:51:09
443,Willow,Morgan,1966-04-28 08:55:54
444,Stephen,Smith,1982-11-17 06:17:52
445,Curran,Mueller,1962-07-09 17:40:14
446,Cathleen,Melendez,1969-04-06 05:09:41
447,Vaughan,Cunningham,1970-06-13 15:31:34
448,Grace,Kane,1979-06-01 18:41:44
449,Ebony,Sweet,1980-03-07 20:43:28
450,Scott,Burt,1975-12-15 23:57:49
451,Britanney,Lancaster,1979-07-19 11:46:05
452,Lane,Christensen,1964-09-17 14:14:35
453,Hyacinth,Orr,1959-05-07 03:50:27
454,Cailin,Craig,1975-08-17 16:07:13
455,Craig,Dean,1966-04-01 08:24:21
456,Julian,Lee,1951-08-16 08:28:28
457,Yoko,Burt,1961-02-08 23:25:24
458,Aurora,Zamora,1953-05-31 01:54:22
459,Ulric,Lee,1959-02-09 08:14:41
460,Lucius,Holmes,1978-04-20 00:41:41
461,Eve,Mcconnell,1981-08-08 06:42:09
462,Donovan,Odonnell,1976-06-29 01:18:08
463,Idona,Ortiz,1972-08-14 00:19:55
464,Mona,Cantrell,1970-06-19 17:59:29
465,Dennis,Gregory,1968-11-08 11:54:26
466,Beau,Weaver,1977-07-23 08:10:34
467,Willow,Santos,1989-05-29 21:41:53
468,Alisa,Jarvis,1972-08-31 20:37:09
469,Veronica,Patterson,1984-05-21 06:24:19
470,Martin,Sosa,1959-03-23 17:42:14
471,Clinton,Gaines,1985-10-23 16:49:18
472,Darryl,Madden,1955-11-27 23:50:30
473,Len,Morse,1968-11-15 02:29:27
474,Axel,Malone,1988-08-15 01:13:43
475,Rebecca,Rasmussen,1990-09-14 08:46:56
476,McKenzie,Acosta,1972-04-02 07:24:09
477,Russell,Sampson,1980-03-17 13:48:11
478,Emi,Cameron,1970-01-25 13:09:55
479,Merritt,Scott,1971-12-20 20:10:02
480,Rafael,Todd,1976-02-09 11:41:17
481,Ronan,Potter,1988-10-13 20:46:47
482,Jerome,Adams,1965-03-23 22:41:29
483,Daryl,Mcintosh,1980-07-01 07:22:08
484,Zoe,Johnson,1965-08-14 15:51:48
485,Cyrus,Fulton,1962-04-26 23:22:33
486,Xaviera,Poole,1977-03-14 07:16:03
487,Alfonso,Kinney,1974-03-27 12:18:08
488,Yolanda,Walls,1985-01-04 23:51:12
489,Uta,Wallace,1981-05-20 12:03:02
490,Alexis,Foster,1967-01-18 09:15:10
491,Sybil,Kim,1983-05-19 02:06:27
492,Nomlanga,Mccormick,1988-02-23 09:59:39
493,Marshall,Bray,1958-08-16 00:34:12
494,Uriah,Cole,1965-02-18 05:15:17
495,Wesley,Stokes,1980-07-15 11:00:43
496,Kennedy,Payne,1956-02-18 10:51:08
497,April,Gibbs,1965-10-14 04:00:45
498,Alec,Mccarthy,1968-10-06 14:55:37
499,Philip,Koch,1967-07-04 22:59:44
500,Reuben,Simmons,1956-09-20 14:09:53
501,Kelly,Ashley,1987-05-13 17:33:16
502,Chadwick,Salazar,1963-05-11 15:00:20
503,Justine,Warren,1980-03-01 08:16:53
504,Elizabeth,Meyer,1960-02-20 09:49:22
505,Elvis,Berger,1968-03-22 14:43:50
506,Miranda,Bird,1986-11-01 16:11:50
507,Leila,Pearson,1982-09-04 03:46:12
508,Willow,Dixon,1969-07-09 06:00:25
509,Jade,Graham,1981-06-04 22:52:11
510,Abigail,Sexton,1968-12-20 02:09:10
511,Quail,Zimmerman,1984-02-13 08:03:55
512,Martena,Bruce,1983-04-30 21:07:32
513,Moses,Boyer,1968-12-02 15:47:14
514,Meghan,Zamora,1961-07-10 06:20:59
515,Whoopi,Battle,1984-11-03 17:24:46
516,Darryl,Mejia,1982-10-31 18:06:13
517,Dorothy,Sawyer,1990-07-19 08:09:59
518,Ashton,Bond,1960-03-03 08:41:54
519,Cassandra,Mcmillan,1957-09-21 19:49:26
520,Martin,Rios,1958-01-03 18:40:39
521,Cedric,Christensen,1976-11-20 10:20:49
522,Marny,Coleman,1966-05-07 18:01:59
523,Ina,Barton,1970-06-03 15:14:48
524,Keiko,Sloan,1981-02-10 21:54:56
525,Reese,Whitehead,1973-05-06 02:38:37
526,Dana,Vang,1958-04-30 13:14:10
527,Nathaniel,Stevens,1963-10-30 07:24:30
528,Lucius,Wells,1961-01-18 12:54:15
529,Glenna,Boyer,1954-03-30 01:12:50
530,Finn,Short,1964-08-30 03:07:19
531,Barrett,Conley,1989-08-09 13:42:20
532,Susan,Vinson,1981-01-24 04:41:58
533,Carly,Riley,1961-11-22 14:55:33
534,Hilel,Dudley,1961-08-26 20:40:45
535,Yvonne,Ashley,1972-03-04 23:55:31
536,Karina,Berg,1961-03-25 04:58:05
537,Shana,Huber,1952-09-30 06:15:40
538,Walter,Benson,1986-05-25 08:46:17
539,Mark,Howe,1985-01-27 14:15:22
540,Hammett,Hammond,1990-04-05 11:31:37
541,Zenaida,Rutledge,1986-02-18 03:00:40
542,Richard,Kinney,1980-04-18 02:50:30
543,Jocelyn,Shepherd,1983-04-22 05:01:28
544,Sacha,Frank,1982-05-16 14:12:38
545,Sloane,Walton,1958-04-22 01:19:28
546,Bree,Cooper,1981-07-11 10:17:47
547,Yoshio,Alvarado,1968-11-27 16:51:55
548,Lamar,Knight,1962-12-26 08:24:23
549,Kirestin,Mayer,1961-03-20 10:17:30
550,Reese,Mayer,1988-08-04 14:04:45
551,Victoria,Reynolds,1972-12-31 19:50:41
552,Unity,Flores,1988-02-16 00:14:21
553,Tatiana,Tanner,1982-04-08 05:56:32
554,Emily,Estes,1963-11-05 20:45:53
555,Brent,Munoz,1986-01-25 18:41:33
556,Jordan,Sanchez,1987-07-20 21:51:53
557,Arthur,Whitaker,1990-04-18 06:31:27
558,Driscoll,Shepard,1980-10-04 03:39:04
559,Deirdre,Berg,1989-06-28 02:37:25
560,Fredericka,Buckley,1987-03-06 11:40:09
561,Katelyn,Cooke,1957-02-06 00:05:35
562,Otto,Rose,1974-05-15 03:45:57
563,Jaime,Zimmerman,1960-04-23 09:31:56
564,Hiroko,Callahan,1972-05-16 17:33:42
565,Allen,Acosta,1968-09-22 09:31:06
566,Taylor,Maldonado,1973-12-05 04:37:36
567,Kareem,Bowen,1968-05-06 06:06:15
568,Jonah,Hayden,1951-05-18 11:04:07
569,Bruno,Dickson,1975-04-26 22:01:38
570,Shelley,Pollard,1987-12-23 23:32:44
571,Baxter,Estrada,1968-02-22 13:21:44
572,Daryl,Olson,1961-04-20 13:07:34
573,Ainsley,Nieves,1962-06-19 19:43:18
574,Allen,Arnold,1970-09-05 03:12:44
575,Wade,Vargas,1969-05-22 06:31:20
576,Palmer,Pate,1985-07-04 11:59:38
577,Lysandra,Foster,1960-10-12 19:26:36
578,Hilary,Jordan,1958-02-18 01:43:44
579,Leah,Douglas,1985-07-02 01:26:30
580,Kim,Graham,1980-08-25 02:27:56
581,Ivor,Stein,1963-07-13 19:36:48
582,Yael,Nicholson,1990-11-13 22:06:23
583,Cynthia,Wilkinson,1952-11-08 03:58:56
584,Lavinia,Alvarez,1981-11-05 20:33:44
585,Raya,Harris,1968-10-15 12:39:30
586,Ivana,Bradshaw,1979-01-20 20:44:58
587,Stephanie,Rosario,1964-04-06 10:30:18
588,Deborah,Madden,1982-02-02 03:13:51
589,Anne,Moses,1985-10-30 01:54:25
590,Beverly,Dunn,1984-02-03 13:01:26
591,Dalton,Mcfadden,1961-11-24 15:17:53
592,Sasha,Erickson,1956-09-19 13:20:38
593,Teegan,Walker,1958-08-07 12:11:07
594,Amelia,Church,1990-08-04 17:44:28
595,Brenna,Cantrell,1953-10-23 02:28:51
596,Jackson,Montoya,1956-10-22 02:02:23
597,Blaze,Horton,1968-12-06 22:22:16
598,Amber,Workman,1972-10-21 04:17:23
599,Azalia,Bradshaw,1982-12-19 10:22:12