800,Imogene,Lee,1966-10-19 17:53:44
801,Mira,Franks,1964-03-08 09:47:43
802,Silas,Dixon,1953-04-11 01:37:51
803,Paloma,Daniels,1962-06-14 17:01:02
804,Dillon,Kirby,1984-09-16 01:47:54
805,Jarrod,Morris,1974-12-21 00:36:17
806,Quintessa,Leon,1952-01-05 20:52:57
807,Lucas,Short,1973-07-09 11:31:02
808,Karly,Buck,1986-07-08 10:57:24
809,Jacqueline,Alexander,1983-09-25 08:52:44
810,Brock,Norris,1975-11-13 07:18:26
811,Jaden,Summers,1960-10-12 17:19:12
812,Buffy,Freeman,1976-01-20 02:22:50
813,Reed,Hardy,1986-12-05 12:09:16
814,Olivia,Riddle,1976-06-13 04:16:40
815,Aimee,Beck,1961-11-07 03:37:34
816,Iola,Prince,1960-02-01 19:43:27
817,Camilla,Copeland,1985-11-28 06:36:21
818,Gloria,Berg,1969-12-10 18:14:10
819,Rinah,Brennan,1955-03-03 01:42:06
820,Emery,Aguirre,1953-11-18 14:27:55
821,Desiree,Miller,1979-12-02 16:28:36
822,Pamela,Maxwell,1958-08-05 00:41:19
823,Odessa,Lambert,1951-12-21 19:52:53
824,Tanek,Workman,1958-07-04 09:27:16
825,Gareth,West,1986-01-29 16:13:50
826,Vielka,Browning,1988-07-28 10:27:27
827,September,Norton,1983-11-08 08:01:12
828,Lavinia,Olsen,1986-01-03 06:56:38
829,Stone,Higgins,1970-03-12 02:59:17
830,Lucas,Torres,1981-03-26 22:48:39
831,Yen,Cruz,1958-05-12 20:58:58
832,Nadine,Cannon,1977-03-18 07:53:51
833,Mikayla,Johnson,1957-01-27 14:57:23
834,Logan,Brewer,1974-11-13 10:55:02
835,Ella,Carson,1978-03-16 07:19:04
836,Zia,Gaines,1988-09-13 11:56:17
837,Mason,Mccray,1966-05-05 20:01:29
838,Jeanette,Gill,1970-01-01 07:30:51
839,Dana,Hickman,1987-05-16 03:14:33
840,Barrett,Erickson,1973-05-31 23:04:04
841,Leilani,Kelley,1978-10-31 05:41:47
842,Sade,Boyle,1962-09-12 20:31:15
843,Gillian,Sanchez,1969-11-13 05:41:54
844,Brynne,Gutierrez,1982-08-23 17:12:07
845,Clare,Potter,1959-01-20 20:08:00
846,Flavia,Hobbs,1956-01-22 10:01:00
847,Thaddeus,Osborn,1975-09-19 04:22:56
848,Herrod,Noble,1976-11-13 13:47:20
849,Brendan,Gibbs,1955-06-15 20:21:35
850,Ulla,Campbell,1965-09-11 09:28:38
851,Aiko,Mcguire,1974-12-20 18:12:59
852,Burton,Jordan,1982-09-02 23:53:52
853,Ashely,Morrow,1975-02-22 19:11:48
854,Chaim,Burnett,1971-04-12 16:32:12
855,Anika,Crawford,1956-12-30 10:56:50
856,Leandra,Lamb,1965-03-18 16:40:35
857,Nasim,Powell,1977-11-14 04:30:21
858,Tiger,Green,1965-12-12 08:45:16
859,Summer,Powers,1959-10-10 13:37:21
860,Kevyn,Pace,1952-10-16 00:24:31
861,Brady,Garrison,1984-08-21 08:38:58
862,Brian,Bolton,1967-10-07 07:11:46
863,Kalia,Kidd,1987-06-23 18:24:42
864,Carlos,Downs,1967-02-27 05:28:52
865,Driscoll,Combs,1969-12-06 12:14:56
866,Laith,Gordon,1959-06-13 01:12:34
867,Dale,Mcbride,1978-02-26 08:26:03
868,Hu,Everett,1956-10-31 18:22:08
869,Tyrone,Compton,1986-10-03 22:49:43
870,Tad,Castaneda,1963-04-25 10:49:29
871,Chaim,Hancock,1968-11-17 12:08:35
872,Sage,Wyatt,1979-12-30 15:55:49
873,Cruz,Stafford,1956-12-07 08:33:07
874,Nissim,Hancock,1985-02-11 22:13:18
875,Malcolm,Hatfield,1970-10-12 08:09:57
876,Sebastian,Shepherd,1984-05-26 15:04:01
877,Honorato,Allen,1986-08-14 10:18:13
878,Dorothy,Rose,1976-06-14 07:02:15
879,Quintessa,Lyons,1982-10-05 11:01:17
880,Deacon,Stein,1977-04-27 21:27:02
881,Ian,Franco,1965-07-19 01:33:00
882,Naida,Mayo,1959-07-29 03:34:27
883,Giacomo,Reed,1959-02-07 05:58:51
884,Raven,Thompson,1962-05-09 00:48:07
885,Myra,Martin,1975-11-29 12:33:52
886,Medge,Forbes,1986-11-29 18:48:58
887,Barry,Randall,1951-11-06 23:02:10
888,Alvin,Butler,1957-05-21 23:10:59
889,Aimee,Brooks,1978-04-09 19:52:44
890,Honorato,Nieves,1982-08-08 08:00:32
891,Avye,Kemp,1962-06-28 23:50:47
892,Dane,Boyer,1988-02-17 11:06:37
893,Susan,Glass,1972-04-01 05:00:29
894,Derek,Mitchell,1969-06-02 02:57:14
895,Angela,Parker,1972-09-23 15:03:43
896,Helen,Fuentes,1983-12-07 18:51:28
897,Dieter,Huff,1951-12-19 02:34:52
898,Chase,Oneil,1987-02-02 04:52:14
899,Simone,Bryant,1958-06-22 12:19:53
900,Ocean,Lane,1974-11-25 06:34:08
901,Harriet,Terrell,1977-05-05 10:43:18
902,Eleanor,Duffy,1983-04-02 09:46:20
903,Alika,Adkins,1983-02-02 15:11:40
904,Sigourney,Valencia,1961-06-22 21:12:42
905,Declan,Walsh,1970-12-06 18:14:56
906,Jacob,Miranda,1976-09-03 16:40:53
907,Keaton,Murphy,1970-08-08 14:41:32
908,Keegan,Harding,1974-12-05 09:40:11
909,Hedy,Huber,1954-01-26 11:10:12
910,Reece,Finch,1951-07-17 10:33:01
911,Yuli,Boyle,1964-02-09 10:38:34
912,Caesar,Pena,1958-03-02 14:30:43
913,Carol,Poole,1983-09-26 12:13:57
914,Lois,Hancock,1961-04-28 16:44:39
915,Marvin,Nunez,1980-06-15 16:16:13
916,Justina,Day,1966-09-28 11:09:06
917,Azalia,Buckley,1955-12-10 13:22:22
918,Devin,Kelley,1979-12-07 16:39:22
919,Rose,Nguyen,1958-11-23 06:29:55
920,Shafira,Dickson,1986-07-09 02:30:07
921,Aurora,Melton,1969-12-29 16:25:37
922,Timothy,Cunningham,1969-12-10 11:23:44
923,Winter,Graves,1954-05-29 00:36:53
924,Audra,Gray,1952-12-10 12:05:02
925,Keefe,Simpson,1963-08-13 21:38:05
926,Upton,Branch,1955-05-05 19:51:37
927,Naida,Zimmerman,1963-12-30 20:39:08
928,Brady,Rivera,1973-03-30 03:40:37
929,Eugenia,Knight,1971-10-22 13:09:49
930,MacKenzie,Clayton,1971-06-02 01:16:20
931,Clio,Dodson,1981-03-04 14:32:52
932,Whitney,Witt,1972-10-22 12:21:31
933,Phyllis,Stafford,1961-10-30 15:49:11
934,Robin,Chen,1973-04-29 10:39:16
935,Hasad,Mclaughlin,1961-07-02 17:27:14
936,Len,Fields,1962-01-16 04:12:14
937,Nelle,Hudson,1982-10-05 19:42:16
938,Jacqueline,Mathews,1955-01-01 23:51:20
939,Abigail,Erickson,1963-05-12 19:17:16
940,Hope,Hampton,1956-07-29 04:52:35
941,Adrian,Curtis,1984-11-14 01:32:39
942,Mufutau,Foley,1968-12-18 21:33:08
943,Keelie,Gentry,1959-07-13 03:17:36
944,Tatyana,Dunlap,1962-09-12 18:12:48
945,Yael,Reyes,1952-09-26 15:58:13
946,Tobias,Atkinson,1961-11-25 21:26:06
947,Scarlet,Greene,1972-08-19 07:24:50
948,Uriel,Navarro,1989-07-31 21:17:23
949,Amity,Wilder,1961-08-03 20:29:53
950,Jared,Hartman,1984-07-13 10:55:46
951,Isaac,Bailey,1970-08-13 02:27:25
952,Sonya,Sampson,1979-12-12 04:41:23
953,Rebekah,Weeks,1963-02-20 07:48:16
954,Reagan,Bowers,1967-02-03 20:51:00
955,Joshua,Head,1953-05-07 20:18:59
956,Brenda,Chang,1972-09-30 00:58:25
957,Steel,Burris,1983-09-08 19:25:53
958,Chandler,Herman,1957-03-02 05:19:39
959,Cameron,Little,1990-12-05 06:58:11
960,Halee,Copeland,1976-07-03 02:38:55
961,Connor,Cardenas,1985-12-09 13:11:35
962,Alana,Ratliff,1974-02-07 12:12:45
963,Maisie,Dunlap,1958-08-08 23:22:08
964,Rhonda,Vargas,1983-04-11 11:58:13
965,Connor,Richard,1983-06-06 06:08:28
966,Courtney,Chavez,1984-01-31 16:12:57
967,Holmes,Graham,1958-02-02 11:51:57
968,Vielka,Chandler,1982-02-18 17:50:27
969,Gail,Marks,1986-07-11 12:27:21
970,Cole,Valentine,1973-06-11 06:21:29
971,Kibo,Small,1974-10-21 05:44:24
972,Ashton,Short,1977-12-04 13:05:08
973,Stone,White,1980-05-23 02:01:23
974,Hilda,Vazquez,1987-11-10 20:25:27
975,Phoebe,Norris,1958-03-04 10:41:58
976,Aileen,Morin,1979-06-11 19:50:58
977,Luke,Chase,1974-09-10 11:47:55
978,Faith,Barry,1959-10-13 01:47:40
979,Myra,Bradshaw,1965-02-09 23:47:12
980,Julie,Herrera,1960-12-13 01:18:35
981,Selma,Bell,1962-08-08 16:03:18
982,Harlan,Strickland,1971-07-01 10:52:40
983,Kimberly,Marshall,1952-10-22 14:05:30
984,Amir,Myers,1978-01-25 07:43:42
985,Noelani,Ward,1990-08-23 05:58:53
986,Morgan,Castillo,1978-05-31 22:05:58
987,Caldwell,Noble,1968-07-14 04:40:47
988,Blaine,Perkins,1972-09-09 03:39:06
989,Mechelle,Delgado,1965-03-01 13:45:38
990,Tana,Barron,1975-10-26 07:42:45
991,Katelyn,Mosley,1965-07-16 18:18:55
992,Britanni,Monroe,1982-06-01 06:14:20
993,Knox,Medina,1980-08-28 20:42:10
994,Kathleen,Wheeler,1983-12-31 16:31:06
995,Shellie,Mccarty,1966-04-04 06:48:28
996,Kitra,Mckenzie,1971-02-09 19:54:17
997,Sheila,Harmon,1967-03-16 12:30:21
998,MacKensie,Underwood,1954-06-16 13:13:43
999,Indigo,Carter,1959-04-05 10:27:29
1000,Raphael,Owens,1960-01-12 20:52:36