200,Zoe,Nelson,1973-01-12 17:19:30
201,Vivian,Love,1951-10-31 08:57:08
202,Charde,Lang,1967-02-23 12:24:26
203,Jason,Powell,1963-12-08 02:21:02
204,Colleen,Terrell,1980-04-27 07:30:11
205,Cullen,Cardenas,1966-02-13 19:55:40
206,Avram,Leblanc,1977-11-09 12:33:25
207,Gray,Gentry,1970-11-25 03:25:56
208,Nehru,Brock,1966-10-13 02:42:31
209,Ulla,Stewart,1988-12-13 13:23:22
210,Azalia,Hines,1954-09-19 06:32:44
211,Chava,Frank,1972-04-10 17:09:23
212,Jamal,Coffey,1985-03-08 09:36:59
213,Abigail,Odonnell,1989-12-27 06:08:38
214,Lavinia,Hall,1976-03-23 14:34:07
215,Clark,Barrera,1975-09-15 23:24:46
216,Kennan,Donaldson,1958-07-08 17:24:49
217,Allegra,Rose,1967-10-17 15:32:47
218,Carson,Downs,1955-06-13 13:29:17
219,Carla,Owen,1968-09-04 07:54:03
220,Kenyon,Cox,1955-05-04 18:24:57
221,Brynne,Hull,1951-07-23 17:34:03
222,Yuri,Holman,1984-12-29 07:09:47
223,Lareina,Robinson,1966-03-16 11:35:29
224,Rylee,Pena,1954-10-07 01:07:22
225,Elmo,Wolfe,1976-05-27 20:34:14
226,Keith,Cash,1985-08-29 20:11:21
227,Deanna,Kelley,1955-05-28 22:38:55
228,Lane,Dickson,1951-03-11 10:33:12
229,Nicole,Avila,1964-11-29 16:03:47
230,Slade,Rodriquez,1961-07-12 20:50:48
231,Avye,Mills,1956-07-28 05:11:16
232,Colt,Calderon,1956-04-22 13:04:43
233,Jena,Mathis,1974-06-02 22:02:28
234,Uriel,Harris,1954-12-21 05:53:26
235,Keane,Hayden,1960-10-20 19:07:52
236,Leah,Peters,1951-12-10 08:56:11
237,Sydnee,Ferguson,1958-07-08 00:41:40
238,Ulysses,Reeves,1980-06-02 16:14:35
239,Sharon,Golden,1951-04-01 17:30:37
240,Frances,Sheppard,1952-01-23 22:19:35
241,Sierra,York,1952-12-11 00:22:12
242,Neve,Morin,1989-06-28 16:33:49
243,Darrel,Rowe,1952-08-12 12:23:04
244,Elliott,Gilliam,1979-05-18 05:19:54
245,Quin,Boyer,1954-10-19 09:39:00
246,September,Santana,1954-10-02 01:41:13
247,Carol,Church,1952-08-01 08:00:48
248,Edan,Wilkinson,1985-11-30 08:37:11
249,Jenna,Mcdowell,1951-10-26 01:14:30
250,Zahir,Hurley,1966-08-26 19:21:07
251,Colton,Huber,1988-08-06 19:24:53
252,Sean,Estrada,1956-01-25 03:20:08
253,Hedwig,Stokes,1954-09-24 22:21:57
254,Graiden,Mcguire,1964-01-19 12:56:12
255,Ira,Welch,1978-10-16 02:26:43
256,MacKenzie,Campos,1964-06-04 11:56:09
257,Wanda,Berry,1978-02-11 06:20:55
258,Hannah,Foreman,1986-12-15 23:08:51
259,Jessica,Hart,1990-11-27 19:22:31
260,Damon,Payne,1972-01-21 20:24:31
261,Madeline,Pitts,1974-09-30 01:16:49
262,Sybil,Walsh,1960-01-18 16:50:01
263,Scott,Allen,1983-11-29 10:45:58
264,Linda,Conley,1959-09-12 07:34:56
265,Allen,Rowe,1989-11-04 01:35:41
266,Giselle,Garrett,1988-10-05 10:35:12
267,Martha,Mack,1976-08-12 22:11:24
268,Lila,Fitzpatrick,1963-06-03 03:12:42
269,Ivana,Farley,1957-12-28 21:24:26
270,Grant,Anthony,1976-10-27 01:22:17
271,Belle,Landry,1973-08-23 13:01:49
272,Cameran,Garza,1973-05-16 13:57:24
273,Unity,Black,1986-12-24 01:47:52
274,Kaitlin,Herman,1980-05-16 00:46:17
275,Joel,Ware,1954-11-09 20:54:57
276,Brian,Wheeler,1990-03-14 23:56:23
277,Ocean,Pearson,1959-01-29 11:48:56
278,Imani,Sweeney,1963-10-26 19:36:13
279,Celeste,Spears,1952-06-03 10:34:33
280,Kirby,Barnes,1964-09-25 05:29:36
281,Rosalyn,Hart,1972-02-10 12:50:06
282,Donna,Mosley,1985-10-18 03:54:41
283,Suki,Barker,1985-02-07 17:47:22
284,Willow,Smith,1972-07-25 00:51:44
285,Leandra,Petersen,1978-06-24 10:51:52
286,Aspen,Larson,1973-09-28 00:11:08
287,Martha,Irwin,1975-10-23 19:10:44
288,Alexa,Castillo,1957-01-21 20:16:32
289,Halla,Mccoy,1966-02-08 00:21:57
290,Martena,Bryan,1987-12-29 15:29:37
291,Quynn,Jordan,1987-09-13 05:25:46
292,Quynn,Bridges,1981-09-26 14:21:19
293,Joshua,Bolton,1953-06-21 12:18:29
294,Stacey,Wynn,1971-05-13 20:01:47
295,Noble,Freeman,1978-01-07 00:27:02
296,Cyrus,Gomez,1981-09-18 09:03:13
297,Tyler,Burch,1951-01-19 19:49:06
298,Adrienne,Chapman,1962-04-04 11:31:38
299,Carissa,Mooney,1984-01-05 16:59:37
300,Christopher,Howe,1960-11-21 16:01:06
301,Clark,Gardner,1966-12-18 03:29:57
302,Dean,Cook,1968-01-04 20:14:44
303,Coby,Stevens,1953-12-19 22:21:06
304,Whitney,Terrell,1974-04-27 16:45:04
305,Yoshi,Strickland,1957-02-20 22:57:27
306,Rhoda,King,1984-09-30 00:44:28
307,Cheyenne,Avila,1953-10-13 17:24:26
308,Piper,Gray,1979-01-21 05:58:26
309,Jorden,Kirk,1983-06-15 07:05:48
310,Hilary,Robbins,1958-06-11 06:12:07
311,Zephr,Oneill,1972-10-12 19:15:46
312,Barry,Mercado,1981-05-31 03:36:41
313,April,Villarreal,1977-01-02 07:31:28
314,Kaseem,Blanchard,1955-04-22 02:56:15
315,Cathleen,Reed,1969-09-16 08:45:16
316,Mara,Maynard,1985-02-17 00:08:55
317,Nell,Jacobs,1977-08-09 17:59:36
318,Preston,Bass,1956-02-22 12:08:48
319,Mohammad,Robertson,1952-05-18 02:47:41
320,Rhiannon,Witt,1956-03-09 10:59:08
321,Bernard,Ashley,1989-09-07 05:29:50
322,Cole,Atkinson,1958-03-11 21:30:07
323,Adena,Ellis,1980-01-12 07:39:37
324,Carter,Whitley,1968-08-07 16:47:53
325,Rosalyn,Cotton,1972-06-21 07:21:34
326,Sloane,Curry,1983-01-23 01:32:41
327,Garrison,Moore,1960-02-13 21:42:41
328,Catherine,Cain,1989-01-08 10:45:59
329,Jerome,King,1976-09-28 04:54:04
330,Jared,Roberts,1960-04-24 09:06:20
331,Andrew,Mosley,1976-11-10 03:57:54
332,Xyla,Sears,1986-10-19 04:58:07
333,Nasim,Peck,1979-12-04 17:46:52
334,Walter,Fry,1961-12-31 16:02:59
335,Tatum,Blevins,1964-10-05 13:19:13
336,Elijah,Burgess,1963-03-22 00:13:52
337,Elton,Adkins,1977-04-22 12:32:34
338,Kenneth,Welch,1962-06-17 14:01:37
339,Florence,Mejia,1955-08-12 01:30:19
340,Arden,Moody,1959-08-09 16:54:11
341,Zenia,Rollins,1968-12-13 21:07:01
342,Lillith,Rosales,1970-04-22 03:59:07
343,Murphy,Glenn,1969-09-23 01:50:44
344,Caldwell,Gates,1961-12-23 10:52:31
345,Charles,Melendez,1951-01-13 15:55:05
346,Jaden,Gardner,1973-10-12 10:34:15
347,Oleg,Wilkins,1956-01-15 11:44:42
348,Charles,Mcgowan,1951-01-09 09:18:32
349,Whitney,Gould,1961-05-25 07:49:19
350,Macaulay,Rowe,1977-03-13 08:36:27
351,Sierra,Lawrence,1981-07-28 03:27:15
352,Charlotte,Townsend,1979-04-07 18:56:06
353,Lillian,Byers,1987-09-09 18:46:21
354,Ava,Randall,1988-04-16 07:39:23
355,Cally,Keller,1971-11-08 22:27:52
356,Giacomo,Britt,1970-06-10 06:07:17
357,Gabriel,Warner,1969-12-05 09:06:56
358,Solomon,Foreman,1979-08-19 13:04:18
359,Hermione,Gallagher,1958-04-22 14:27:23
360,Phoebe,Hinton,1985-07-15 21:29:41
361,Keiko,Dennis,1953-12-20 11:09:34
362,Herman,Carpenter,1981-09-03 19:11:02
363,Cecilia,Oneal,1979-04-02 05:09:03
364,Gwendolyn,Alford,1963-11-02 19:49:57
365,Jonas,Pratt,1973-06-02 18:22:15
366,Whitney,Newton,1961-02-01 04:19:55
367,Ralph,Stein,1971-04-23 01:44:55
368,Eve,Frederick,1983-12-04 11:02:57
369,Odysseus,Hess,1982-04-13 19:04:32
370,Mechelle,Richard,1990-02-09 22:49:39
371,Jesse,Torres,1989-06-11 11:23:58
372,Martha,Mclaughlin,1982-06-17 17:24:09
373,Emerald,Haynes,1957-03-07 13:18:33
374,Rigel,Barton,1964-11-13 08:47:17
375,Meredith,Simon,1988-07-29 18:53:04
376,Nevada,Shannon,1980-04-22 14:33:22
377,Casey,Delgado,1957-11-17 17:15:04
378,Xerxes,Herring,1988-01-21 01:20:06
379,Penelope,Blackburn,1959-02-28 14:34:39
380,Rooney,Swanson,1963-09-15 16:47:17
381,Lamar,Ramirez,1964-09-03 08:55:31
382,Linda,Lee,1988-01-19 23:00:53
383,Hanae,Johnson,1952-06-21 01:03:52
384,Zane,Long,1964-11-16 15:41:48
385,Aspen,Potter,1960-10-11 11:53:24
386,Samson,Nicholson,1989-02-12 12:15:16
387,Jael,Stuart,1977-02-10 12:59:27
388,Marny,Summers,1959-02-08 08:38:01
389,Lael,Schwartz,1956-02-06 19:49:59
390,Blythe,Baldwin,1961-08-09 07:09:04
391,Keegan,Pruitt,1976-04-23 19:51:06
392,Nathan,Patterson,1967-01-27 01:04:31
393,Garth,Calderon,1961-04-12 00:28:56
394,Flynn,Winters,1988-09-30 04:04:02
395,Dara,Morrison,1979-12-22 22:26:24
396,Ira,Wilkerson,1973-03-06 19:18:13
397,Angela,Ward,1983-03-13 14:52:49
398,Wilma,Collier,1960-06-20 13:22:48
399,Sandra,Kaufman,1980-04-17 03:54:51